{
  "overall_mean_iou": 0.7026399479750408,
  "per_class": {
    "bus": {
      "class_id": 0,
      "mean_iou": 0.5946956675157276,
      "median_iou": 0.5650069571716062,
      "count": 21
    },
    "car": {
      "class_id": 1,
      "mean_iou": 0.7091951077321086,
      "median_iou": 0.706691119770062,
      "count": 361
    },
    "truck": {
      "class_id": 3,
      "mean_iou": 0.6030571653191443,
      "median_iou": 0.6030571653191443,
      "count": 1
    }
  },
  "per_scenario": {
    "dashcam": {
      "mean_iou": 0.7026399479750408,
      "count": 383
    }
  },
  "total_matched_pairs": 383
}